City_ID,City,Country,Date,Lat,Lng,Max Temp,Humidity,Cloudiness,Wind Speed
0,Houma,US,2021-03-25 12:41:28,29.5958,-90.7195,73.99,94,90,12.66
1,Kampot,KH,2021-03-25 12:41:29,10.6167,104.1833,84.2,78,0,2.3
2,Tasiilaq,GL,2021-03-25 12:41:29,65.6145,-37.6368,3.2,72,40,2.3
3,Saint-Leu,RE,2021-03-25 12:41:30,-21.15,55.2833,78.8,89,75,8.05
4,Rikitea,PF,2021-03-25 12:41:30,-23.1203,-134.9692,79.63,72,62,17.07
5,Port Alfred,ZA,2021-03-25 12:41:30,-33.5906,26.891,72.55,75,98,21.36
6,Dikson,RU,2021-03-25 12:41:31,73.5069,80.5464,-6.75,99,61,4.36
7,Busselton,AU,2021-03-25 12:41:31,-33.65,115.3333,60.01,75,78,6.91
8,Cururupu,BR,2021-03-25 12:41:32,-1.8283,-44.8683,75.0,96,100,1.48
9,Barrow,US,2021-03-25 12:41:32,71.2906,-156.7887,-0.4,78,90,12.66
10,Farafangana,MG,2021-03-25 12:41:32,-22.8167,47.8333,78.44,80,46,8.88
11,Nalut,LY,2021-03-25 12:41:33,30.3333,10.85,64.18,22,5,9.78
12,Mataura,NZ,2021-03-25 12:41:33,-46.1927,168.8643,50.0,95,75,1.01
13,Nikolskoye,RU,2021-03-25 12:41:34,59.7035,30.7861,48.2,66,75,8.95
14,Kodiak,US,2021-03-25 12:41:34,57.79,-152.4072,37.4,81,1,3.2
15,Baculin,PH,2021-03-25 12:41:35,7.4525,126.5842,78.22,84,22,4.72
16,Topolobampo,MX,2021-03-25 12:41:35,25.6,-109.05,51.01,90,0,1.99
17,Rorvik,NO,2021-03-25 12:41:35,64.8621,11.2373,41.0,87,75,18.41
18,Dasoguz,TM,2021-03-25 12:41:36,41.8363,59.9666,64.4,63,90,23.02
19,Matara,LK,2021-03-25 12:41:36,5.9485,80.5353,75.34,88,100,6.93
20,Ahipara,NZ,2021-03-25 12:41:37,-35.1667,173.1667,58.48,88,100,5.68
21,Aripuana,BR,2021-03-25 12:37:39,-9.1667,-60.6333,74.46,94,99,2.91
22,Mahebourg,MU,2021-03-25 12:41:37,-20.4081,57.7,80.6,83,75,3.44
23,Vestmannaeyjar,IS,2021-03-25 12:41:37,63.4427,-20.2734,32.0,93,90,5.75
24,East London,ZA,2021-03-25 12:40:59,-33.0153,27.9116,68.0,94,40,6.91
25,Vaini,TO,2021-03-25 12:41:38,-21.2,-175.2,73.4,94,40,1.14
26,Hobart,AU,2021-03-25 12:39:56,-42.8794,147.3294,59.0,55,75,17.27
27,Hamilton,US,2021-03-25 12:40:31,39.1834,-84.5333,51.8,100,1,4.0
28,Luderitz,NA,2021-03-25 12:41:38,-26.6481,15.1594,71.87,70,6,16.33
29,Sitka,US,2021-03-25 12:41:39,57.0531,-135.33,35.6,93,90,3.44
30,Hilo,US,2021-03-25 12:41:39,19.7297,-155.09,69.01,77,20,4.61
31,Svetlyy,RU,2021-03-25 12:41:39,54.675,20.1347,53.6,50,0,8.95
32,Bluff,NZ,2021-03-25 12:41:40,-46.6,168.3333,50.0,95,100,1.01
33,Ancud,CL,2021-03-25 12:41:41,-41.8697,-73.8203,46.99,100,0,5.75
34,Weihai,CN,2021-03-25 12:41:42,37.5017,122.1136,48.49,57,100,9.84
35,Saint-Philippe,RE,2021-03-25 12:41:43,-21.3585,55.7679,78.8,89,75,8.05
36,Klaksvik,FO,2021-03-25 12:41:43,62.2266,-6.589,44.6,87,75,19.57
37,Jamestown,US,2021-03-25 12:41:44,42.097,-79.2353,51.01,100,1,6.02
38,Coquimbo,CL,2021-03-25 12:41:44,-29.9533,-71.3436,57.2,88,90,3.44
39,Yulara,AU,2021-03-25 12:41:44,-25.2406,130.9889,80.6,34,0,5.75
40,Lorengau,PG,2021-03-25 12:41:46,-2.0226,147.2712,80.96,81,29,6.42
41,Hermanus,ZA,2021-03-25 12:41:47,-34.4187,19.2345,90.0,41,0,3.0
42,Punta Arenas,CL,2021-03-25 12:39:16,-53.15,-70.9167,48.2,66,0,12.66
43,Castro,BR,2021-03-25 12:41:48,-24.7911,-50.0119,70.0,84,87,6.8
44,Kaitangata,NZ,2021-03-25 12:41:48,-46.2817,169.8464,54.0,91,45,1.01
45,El Alto,PE,2021-03-25 12:41:49,-4.2714,-81.2147,73.35,71,92,8.08
46,Atuona,PF,2021-03-25 12:41:49,-9.8,-139.0333,79.95,73,83,21.12
47,Ushuaia,AR,2021-03-25 12:37:31,-54.8,-68.3,50.0,62,40,24.16
48,Airai,TL,2021-03-25 12:41:50,-8.9266,125.4092,62.55,96,100,1.28
49,Iqaluit,CA,2021-03-25 12:41:50,63.7506,-68.5145,-23.01,62,1,11.5
50,Srebrenik,BA,2021-03-25 12:41:51,44.7078,18.4881,46.4,66,75,9.22
51,Saldanha,ZA,2021-03-25 12:41:52,-33.0117,17.9442,87.8,30,13,14.97
52,Quatre Cocos,MU,2021-03-25 12:41:53,-20.2078,57.7625,84.0,83,75,3.44
53,Chapleau,CA,2021-03-25 12:41:53,47.8405,-83.4034,32.0,100,90,8.05
54,Roald,NO,2021-03-25 12:41:54,62.5833,6.1333,45.0,81,75,17.27
55,Albany,US,2021-03-25 12:41:55,42.6001,-73.9662,53.01,90,94,3.24
56,Carnarvon,AU,2021-03-25 12:41:55,-24.8667,113.6333,77.0,69,100,19.57
57,Longyearbyen,SJ,2021-03-25 12:41:55,78.2186,15.6401,24.8,93,75,8.05
58,Auki,SB,2021-03-25 12:41:56,-8.7676,160.7034,77.83,85,42,4.41
59,Abha,SA,2021-03-25 12:41:56,18.2164,42.5053,82.4,21,20,16.11
60,Hithadhoo,MV,2021-03-25 12:41:57,-0.6,73.0833,82.78,71,12,9.37
61,Hammerfest,NO,2021-03-25 12:41:57,70.6634,23.6821,33.8,69,75,14.97
62,Yanam,IN,2021-03-25 12:41:57,16.7333,82.2167,89.6,45,20,10.36
63,Richards Bay,ZA,2021-03-25 12:41:58,-28.783,32.0377,73.49,68,98,9.53
64,Victoria,HK,2021-03-25 12:41:59,22.2855,114.1577,72.0,73,0,1.99
65,Songjianghe,CN,2021-03-25 12:42:00,42.1859,127.479,32.88,70,2,2.8
66,Ozernovskiy,RU,2021-03-25 12:42:00,51.5,156.5167,29.03,76,100,12.33
67,Mount Gambier,AU,2021-03-25 12:42:01,-37.8333,140.7667,55.4,94,90,6.91
68,Saskylakh,RU,2021-03-25 12:42:02,71.9167,114.0833,-10.93,100,99,5.48
69,Bilma,NE,2021-03-25 12:42:02,18.6853,12.9164,85.28,7,0,17.25
70,Fortuna,US,2021-03-25 12:40:53,40.5982,-124.1573,46.0,93,90,10.36
71,Owando,CG,2021-03-25 12:42:02,-0.4819,15.8999,71.46,96,100,3.29
72,Giresun,TR,2021-03-25 12:42:03,40.5,38.5,44.6,65,75,11.5
73,Bandarbeyla,SO,2021-03-25 12:42:03,9.4942,50.8122,81.19,54,7,10.42
74,Leh,IN,2021-03-25 12:42:04,34.1667,77.5833,31.5,45,60,3.24
75,Adrar,MR,2021-03-25 12:42:04,20.5022,-10.0711,88.66,6,0,17.07
76,Sur,OM,2021-03-25 12:42:05,22.5667,59.5289,84.94,45,0,11.99
77,Bredasdorp,ZA,2021-03-25 12:42:05,-34.5322,20.0403,80.6,54,0,18.41
78,Yellowknife,CA,2021-03-25 12:42:06,62.456,-114.3525,-9.99,77,1,6.91
79,Lavrentiya,RU,2021-03-25 12:42:06,65.5833,-171.0,0.5,91,98,6.13
80,Ribeira Grande,PT,2021-03-25 12:42:06,38.5167,-28.7,62.6,59,40,8.05
81,New Norfolk,AU,2021-03-25 12:42:07,-42.7826,147.0587,57.99,65,100,1.99
82,Vahan,AM,2021-03-25 12:42:07,40.5755,45.3977,36.48,59,78,15.77
83,Panjab,AF,2021-03-25 12:42:07,34.388,67.0233,37.04,95,99,2.39
84,Port Elizabeth,ZA,2021-03-25 12:42:08,-33.918,25.5701,73.4,73,90,17.27
85,Plouzane,FR,2021-03-25 12:42:08,48.3833,-4.6167,53.6,82,90,23.02
86,Aykhal,RU,2021-03-25 12:42:09,66.0,111.5,10.18,96,100,10.67
87,Nyimba,ZM,2021-03-25 12:42:09,-14.5566,30.8149,74.98,79,93,4.76
88,Lompoc,US,2021-03-25 12:38:14,34.6391,-120.4579,48.2,93,90,14.07
89,Mar Del Plata,AR,2021-03-25 12:37:33,-38.0023,-57.5575,69.01,94,90,2.75
90,Touros,BR,2021-03-25 12:42:10,-5.1989,-35.4608,77.0,94,75,6.91
91,Iskitim,RU,2021-03-25 12:42:10,54.6366,83.3045,32.0,69,20,6.71
92,Rocha,UY,2021-03-25 12:38:26,-34.4833,-54.3333,71.06,78,100,8.08
93,Ambon,ID,2021-03-25 12:42:10,-3.6954,128.1814,78.8,89,20,9.22
94,Nazarovo,RU,2021-03-25 12:42:11,56.0064,90.3914,24.17,96,100,4.36
95,Yonago,JP,2021-03-25 12:42:11,35.4333,133.3333,48.2,81,20,4.61
96,Bengkulu,ID,2021-03-25 12:42:11,-3.8004,102.2655,79.25,82,100,1.39
97,Puerto Ayora,EC,2021-03-25 12:42:12,-0.7393,-90.3518,75.0,95,44,5.35
98,Kimbe,PG,2021-03-25 12:42:12,-5.5502,150.1429,77.58,90,97,2.89
99,Ciudad Bolivar,VE,2021-03-25 12:39:23,8.1222,-63.5497,81.52,55,81,11.72
100,Kungurtug,RU,2021-03-25 12:42:12,50.5994,97.5228,22.86,85,100,1.7
101,Aranos,NA,2021-03-25 12:42:13,-24.1333,19.1167,83.35,23,0,1.92
102,Boddam,GB,2021-03-25 12:42:13,57.4667,-1.7833,53.01,66,40,16.11
103,Kapaa,US,2021-03-25 12:37:40,22.0752,-159.319,69.8,88,90,3.44
104,Koulamoutou,GA,2021-03-25 12:42:14,-1.1303,12.4736,75.88,84,100,2.68
105,Deputatskiy,RU,2021-03-25 12:42:14,69.3,139.9,-24.39,99,99,4.7
106,Kavieng,PG,2021-03-25 12:42:15,-2.5744,150.7967,82.62,74,39,13.58
107,Srednekolymsk,RU,2021-03-25 12:42:15,67.45,153.6833,-13.0,100,99,2.28
108,Caravelas,BR,2021-03-25 12:42:15,-17.7125,-39.2481,84.92,55,7,3.33
109,Novyy Urengoy,RU,2021-03-25 12:42:16,66.0833,76.6333,21.61,90,100,14.88
110,Nanortalik,GL,2021-03-25 12:42:16,60.1432,-45.2371,13.64,54,37,22.35
111,Rio Gallegos,AR,2021-03-25 12:42:17,-51.6226,-69.2181,46.4,46,40,9.22
112,Ponta Do Sol,PT,2021-03-25 12:42:17,32.6667,-17.1,73.0,77,20,9.22
113,Tuktoyaktuk,CA,2021-03-25 12:42:18,69.4541,-133.0374,-12.87,100,100,3.76
114,Puerto Quijarro,BO,2021-03-25 12:42:18,-17.7833,-57.7667,86.67,50,17,2.68
115,Sistranda,NO,2021-03-25 12:37:38,63.7256,8.834,48.2,57,40,10.36
116,Bourail,NC,2021-03-25 12:42:19,-21.5667,165.4833,74.8,77,94,6.67
117,Kavaratti,IN,2021-03-25 12:42:19,10.5669,72.642,83.75,72,39,6.55
118,Antofagasta,CL,2021-03-25 12:42:03,-23.65,-70.4,62.6,77,20,2.3
119,Beringovskiy,RU,2021-03-25 12:42:20,63.05,179.3167,-1.14,98,95,1.72
120,Shebalino,RU,2021-03-25 12:42:20,51.2917,85.6772,31.14,81,100,5.03
121,Fairbanks,US,2021-03-25 12:39:37,64.8378,-147.7164,19.99,86,90,1.86
122,Cayenne,GF,2021-03-25 12:42:20,4.9333,-52.3333,82.99,74,75,10.36
123,Hasaki,JP,2021-03-25 12:42:21,35.7333,140.8333,53.6,94,75,1.14
124,Laurel,US,2021-03-25 12:42:21,39.0993,-76.8483,57.0,94,90,3.44
125,Coahuayana,MX,2021-03-25 12:42:22,18.7333,-103.6833,63.23,46,14,3.8
126,Qaanaaq,GL,2021-03-25 12:42:22,77.484,-69.3632,-18.33,54,31,7.67
127,Yashkino,RU,2021-03-25 12:42:22,55.8736,85.4265,32.0,74,40,8.95
128,Ostrovnoy,RU,2021-03-25 12:42:23,68.0531,39.5131,34.09,96,100,25.84
129,Nyurba,RU,2021-03-25 12:42:24,63.2842,118.3319,12.33,92,100,5.37
130,Zhigansk,RU,2021-03-25 12:42:24,66.7697,123.3711,-3.12,95,100,14.43
131,Tarauaca,BR,2021-03-25 12:41:02,-8.1614,-70.7656,75.65,92,86,2.04
132,Manadhoo,MV,2021-03-25 12:42:26,5.7667,73.3833,83.62,70,100,12.3
133,Pampa,US,2021-03-25 12:39:32,35.5362,-100.9599,35.6,93,90,8.05
134,Praia Da Vitoria,PT,2021-03-25 12:42:27,38.7333,-27.0667,62.6,63,40,8.41
135,Batemans Bay,AU,2021-03-25 12:42:27,-35.7167,150.1833,60.01,92,10,4.54
136,Kruisfontein,ZA,2021-03-25 12:42:27,-34.0033,24.7314,79.0,60,55,8.99
137,Broome,US,2021-03-25 12:42:27,42.2506,-75.833,55.0,93,90,5.75
138,General Roca,AR,2021-03-25 12:42:28,-39.0333,-67.5833,55.4,71,40,6.91
139,Bukoba,TZ,2021-03-25 12:42:28,-1.3317,31.8122,82.4,54,20,9.22
140,Prince Rupert,CA,2021-03-25 12:39:19,54.3161,-130.3201,41.0,75,90,10.36
141,Oranjemund,NA,2021-03-25 12:42:29,-28.55,16.4333,70.16,73,14,12.97
142,Norman Wells,CA,2021-03-25 12:42:29,65.282,-126.8329,-4.0,77,75,4.61
143,Jatai,BR,2021-03-25 12:42:30,-17.8814,-51.7144,79.47,55,100,5.26
144,San Patricio,US,2021-03-25 12:42:30,28.017,-97.5169,71.6,83,90,11.5
145,Arraial Do Cabo,BR,2021-03-25 12:37:50,-22.9661,-42.0278,80.6,78,20,5.75
146,Klamath Falls,US,2021-03-25 12:41:36,42.2249,-121.7817,30.99,80,90,12.66
147,Bethel,US,2021-03-25 12:42:31,41.3712,-73.414,53.01,97,98,0.45
148,Eureka,US,2021-03-25 12:38:40,40.8021,-124.1637,46.99,90,91,5.01
149,Constitucion,CL,2021-03-25 12:37:59,-35.3333,-72.4167,58.17,52,100,5.28
150,Abay,KZ,2021-03-25 12:42:31,49.6311,72.8539,32.0,93,75,2.24
151,Kamenka,RU,2021-03-25 12:42:32,51.3223,42.7678,37.99,83,100,1.01
152,Parabel,RU,2021-03-25 12:42:32,58.6978,81.4825,29.88,97,100,6.2
153,Nizhnevartovsk,RU,2021-03-25 12:42:32,60.9344,76.5531,28.4,93,75,4.47
154,Verkhnyaya Inta,RU,2021-03-25 12:42:33,65.9811,60.3094,33.24,98,100,20.4
155,Scarborough,GB,2021-03-25 12:42:33,54.2797,-0.4044,55.99,68,88,4.0
156,Los Llanos De Aridane,ES,2021-03-25 12:42:34,28.6585,-17.9182,71.6,73,0,10.36
157,Yala,TH,2021-03-25 12:42:34,6.3333,101.25,77.16,85,97,3.11
158,Kintinku,TZ,2021-03-25 12:42:34,-5.8833,35.2333,84.2,48,20,8.05
159,Severo-Kurilsk,RU,2021-03-25 12:42:35,50.6789,156.125,24.87,77,100,5.75
160,Machali,CL,2021-03-25 12:42:35,-34.1833,-70.6667,53.6,82,75,1.14
161,Pevek,RU,2021-03-25 12:42:35,69.7008,170.3133,-25.24,99,94,3.8
162,Surgut,RU,2021-03-25 12:38:20,61.25,73.4167,30.2,69,40,8.95
163,Methven,NZ,2021-03-25 12:42:36,-43.6333,171.65,54.0,94,0,5.21
164,Cabo San Lucas,MX,2021-03-25 12:41:14,22.8909,-109.9124,57.0,82,1,1.86
165,Union,US,2021-03-25 12:42:37,40.6334,-74.2663,53.6,100,90,5.75
166,Nanchang,CN,2021-03-25 12:42:37,28.6833,115.8833,63.48,62,0,3.67
167,Aguie,NE,2021-03-25 12:42:38,13.506,7.7786,96.75,7,99,2.48
168,Souillac,MU,2021-03-25 12:42:39,-20.5167,57.5167,80.6,83,75,3.44
169,Vostok,RU,2021-03-25 12:42:39,46.4856,135.8833,18.03,91,26,4.45
170,Marienburg,PL,2021-03-25 12:42:39,54.0359,19.0266,57.0,100,98,6.15
171,Hopelchen,MX,2021-03-25 12:42:40,19.7667,-89.85,77.61,74,15,8.34
172,Morondava,MG,2021-03-25 12:42:40,-20.2833,44.2833,81.93,66,0,9.44
173,Georgetown,MY,2021-03-25 12:41:58,5.4112,100.3354,82.0,83,40,5.75
174,Aberdeen,GB,2021-03-25 12:42:41,57.1437,-2.0981,53.01,66,40,16.11
175,Cherskiy,RU,2021-03-25 12:42:41,68.75,161.3,-21.12,97,99,2.44
176,Falkenstein,DE,2021-03-25 12:42:42,50.4779,12.3713,59.0,46,100,11.99
177,Faanui,PF,2021-03-25 12:42:42,-16.4833,-151.75,83.57,73,100,19.6
178,Marathon,US,2021-03-25 12:42:43,44.9,-89.7668,35.6,80,90,9.22
179,Chumikan,RU,2021-03-25 12:42:43,54.7183,135.315,8.06,95,35,2.77
180,Oyotun,PE,2021-03-25 12:42:43,-6.8519,-79.3036,68.0,88,0,10.36
181,Teguise,ES,2021-03-25 12:42:44,29.0605,-13.564,71.6,64,0,6.91
182,Oyama,JP,2021-03-25 12:42:44,36.3,139.8,61.0,93,75,2.3
183,Namatanai,PG,2021-03-25 12:41:48,-3.6667,152.4333,80.29,81,100,7.25
184,Kharitonovo,RU,2021-03-25 12:42:44,61.4009,47.4978,35.83,93,97,9.4
185,Wattegama,LK,2021-03-25 12:42:45,6.7989,81.4808,80.6,83,75,2.3
186,Alpena,US,2021-03-25 12:42:46,45.0617,-83.4327,42.01,81,90,6.91
187,Ambilobe,MG,2021-03-25 12:42:46,-13.2,49.05,83.46,81,88,4.54
188,San Cristobal,VE,2021-03-25 12:42:47,7.7669,-72.225,73.4,100,75,5.75
189,Rio Grande,BR,2021-03-25 12:42:47,-32.035,-52.0986,75.99,88,75,9.22
190,Gazanjyk,TM,2021-03-25 12:42:47,39.2446,55.5154,65.14,56,97,11.48
191,Ruwi,OM,2021-03-25 12:42:48,23.5996,58.5507,82.4,74,0,13.8
192,Zhezkazgan,KZ,2021-03-25 12:42:48,47.8043,67.7144,33.8,80,100,20.13
193,Port Lincoln,AU,2021-03-25 12:42:49,-34.7333,135.8667,60.1,66,100,3.4
194,Thompson,CA,2021-03-25 12:40:30,55.7435,-97.8558,-2.2,65,40,8.05
195,Cape Town,ZA,2021-03-25 12:39:15,-33.9258,18.4232,88.0,33,0,11.5
196,Aksarka,RU,2021-03-25 12:42:49,66.5606,67.7975,27.77,95,100,18.05
197,Lufilufi,WS,2021-03-25 12:42:50,-13.8745,-171.5986,77.0,94,20,4.61
198,Clyde River,CA,2021-03-25 12:42:51,70.4692,-68.5914,-9.4,77,90,14.97
199,Bonthe,SL,2021-03-25 12:42:52,7.5264,-12.505,85.39,64,61,11.86
200,Taoudenni,ML,2021-03-25 12:42:52,22.6783,-3.9836,83.73,8,0,19.37
201,Tiarei,PF,2021-03-25 12:42:53,-17.5333,-149.3333,78.8,73,75,2.3
202,Camden,US,2021-03-25 12:42:24,39.7835,-74.9663,55.99,90,100,0.83
203,Haines Junction,CA,2021-03-25 12:42:53,60.7522,-137.5108,1.4,85,100,0.47
204,Bandundu,CD,2021-03-25 12:42:54,-3.3167,17.3667,74.08,85,100,4.79
205,Port Hedland,AU,2021-03-25 12:42:54,-20.3167,118.5667,82.4,78,6,8.05
206,Belleville,CA,2021-03-25 12:42:54,44.1788,-77.3705,52.0,93,40,8.05
207,Ballina,AU,2021-03-25 12:42:55,-28.8667,153.5667,66.2,88,0,5.84
208,Chala,TZ,2021-03-25 12:42:55,-7.5833,31.2667,75.2,53,20,5.75
209,Urucara,BR,2021-03-25 12:42:56,-2.5364,-57.76,72.64,97,100,2.24
210,Korem,ET,2021-03-25 12:42:56,12.5058,39.5228,72.46,9,60,11.97
211,Upernavik,GL,2021-03-25 12:42:56,72.7868,-56.1549,-18.18,82,99,1.66
212,Sao Filipe,CV,2021-03-25 12:42:57,14.8961,-24.4956,70.09,80,0,13.18
213,Salym,RU,2021-03-25 12:42:57,60.0625,71.4789,24.91,89,22,5.37
214,Tongchuan,CN,2021-03-25 12:42:58,35.0806,109.0897,60.51,51,99,6.64
215,Paramirim,BR,2021-03-25 12:42:58,-13.4425,-42.2389,84.09,28,0,7.2
216,Los Andes,CL,2021-03-25 12:42:59,-32.8337,-70.5983,55.99,99,12,1.01
217,Camacha,PT,2021-03-25 12:42:59,33.0833,-16.3333,66.2,77,40,16.11
218,Tiksi,RU,2021-03-25 12:42:59,71.6872,128.8694,-11.74,95,100,5.97
219,Malakal,SS,2021-03-25 12:40:04,9.5334,31.6605,107.51,16,52,3.09
220,Tuatapere,NZ,2021-03-25 12:43:00,-46.1333,167.6833,50.0,95,100,1.01
221,Nago,JP,2021-03-25 12:43:00,26.5881,127.9761,69.8,88,75,10.36
222,Doha,QA,2021-03-25 12:43:01,25.2867,51.5333,88.0,74,0,10.36
223,Isangel,VU,2021-03-25 12:43:01,-19.55,169.2667,74.95,77,5,7.29
224,Xingcheng,CN,2021-03-25 12:43:01,40.6167,120.7167,52.14,42,47,10.36
225,Naron,ES,2021-03-25 12:43:02,43.5167,-8.1528,57.2,58,20,8.05
226,Tuburan,PH,2021-03-25 12:43:02,6.6439,122.2736,78.8,89,20,6.91
227,Ushtobe,KZ,2021-03-25 12:43:03,45.2514,77.9838,61.83,37,100,14.09
228,Valparaiso,CL,2021-03-25 12:43:03,-33.0393,-71.6273,57.99,82,90,4.61
229,Puteyets,RU,2021-03-25 12:43:03,65.1716,57.091,34.92,87,87,13.89
230,Ulkan,RU,2021-03-25 12:43:04,57.243,107.3223,26.17,92,99,5.93
231,Port Moresby,PG,2021-03-25 12:43:04,-9.4431,147.1797,78.8,89,75,2.28
232,Trinidad,BO,2021-03-25 12:43:05,-14.8333,-64.9,75.2,94,40,3.44
233,Stepnyak,KZ,2021-03-25 12:43:05,52.8339,70.7803,27.52,80,100,13.73
234,Cap Malheureux,MU,2021-03-25 12:43:05,-19.9842,57.6142,84.0,76,76,4.0
235,Guerrero Negro,MX,2021-03-25 12:42:51,27.9769,-114.0611,53.13,87,0,6.89
236,Imeni Babushkina,RU,2021-03-25 12:43:06,59.7573,43.1285,34.36,99,100,7.92
237,Kenai,US,2021-03-25 12:43:06,60.5544,-151.2583,30.2,93,90,5.75
238,Aras,ES,2021-03-25 12:43:07,42.5617,-2.356,62.01,58,0,2.3
239,Kralendijk,BQ,2021-03-25 12:43:07,12.15,-68.2667,80.6,69,97,19.57
240,Trairi,BR,2021-03-25 12:43:07,-3.2778,-39.2689,83.88,66,81,8.28
241,Naples,IT,2021-03-25 12:38:57,40.8333,14.25,61.0,33,0,9.22
242,Naryan-Mar,RU,2021-03-25 12:43:08,67.6713,53.087,33.94,84,100,23.17
243,Butaritari,KI,2021-03-25 12:43:08,3.0707,172.7902,80.94,80,86,14.56
244,Malangwa,NP,2021-03-25 12:43:09,26.8568,85.5581,84.97,10,0,9.82
245,Tautira,PF,2021-03-25 12:43:09,-17.7333,-149.15,78.8,73,75,2.3
246,Kahului,US,2021-03-25 12:43:10,20.8947,-156.47,69.01,100,1,0.78
247,Xining,CN,2021-03-25 12:39:07,36.6167,101.7667,48.04,23,100,11.92
248,Doka,SD,2021-03-25 12:43:10,13.5167,35.7667,107.98,6,71,8.52
249,Axim,GH,2021-03-25 12:43:10,4.8699,-2.2405,86.25,60,100,11.01
250,Cotmeana,RO,2021-03-25 12:43:11,44.9667,24.6167,42.62,37,100,6.85
251,Saint-Augustin,CA,2021-03-25 12:43:11,51.226,-58.6502,32.31,99,100,5.73
252,Dalvik,IS,2021-03-25 12:43:12,65.9702,-18.5286,30.2,80,20,20.71
253,Sitio Novo Do Tocantins,BR,2021-03-25 12:43:12,-5.5183,-47.4611,80.6,89,75,5.75
254,Vaitape,PF,2021-03-25 12:43:12,-16.5167,-151.75,83.57,73,100,19.55
255,Bambous Virieux,MU,2021-03-25 12:43:13,-20.3428,57.7575,84.0,83,75,3.44
256,Conde,BR,2021-03-25 12:43:13,-7.2597,-34.9075,82.4,83,75,9.22
257,Khatanga,RU,2021-03-25 12:43:14,71.9667,102.5,-8.39,92,75,4.7
258,Cockburn Town,TC,2021-03-25 12:43:14,21.4612,-71.1419,77.31,76,1,18.66
259,Bani,DO,2021-03-25 12:41:28,18.2833,-70.3333,75.99,88,20,12.28
260,Namibe,AO,2021-03-25 12:43:15,-15.1961,12.1522,78.57,71,46,11.45
261,Mitsamiouli,KM,2021-03-25 12:43:15,-11.3847,43.2844,83.68,70,8,0.83
262,Cairns,AU,2021-03-25 12:43:15,-16.9167,145.7667,80.6,83,40,2.3
263,Marawi,PH,2021-03-25 12:43:16,7.9986,124.2928,80.01,87,30,8.01
264,Thunder Bay,CA,2021-03-25 12:38:40,48.4001,-89.3168,16.0,79,40,6.91
265,Erzurum,TR,2021-03-25 12:43:16,40.0,41.5,33.8,60,75,21.85
266,Hofn,IS,2021-03-25 12:43:17,64.2539,-15.2082,35.6,80,90,14.97
267,Saint George,US,2021-03-25 12:43:17,37.1041,-113.5841,51.01,27,40,11.5
268,Luzhou,CN,2021-03-25 12:43:17,28.8724,105.4405,60.37,81,100,4.61
269,Vila Velha,BR,2021-03-25 12:43:18,-20.3297,-40.2925,84.2,65,0,3.56
270,Esperance,AU,2021-03-25 12:43:18,-33.8667,121.9,60.8,63,0,4.61
271,Lata,PT,2021-03-25 12:43:19,40.1629,-8.3327,64.99,68,100,7.0
272,Grindavik,IS,2021-03-25 12:43:19,63.8424,-22.4338,32.0,69,0,17.27
273,Sarkand,KZ,2021-03-25 12:43:20,45.41,79.9186,48.58,56,100,9.06
274,Coihaique,CL,2021-03-25 12:43:20,-45.5752,-72.0662,37.4,87,20,6.91
275,Banyo,CM,2021-03-25 12:43:20,6.75,11.8167,86.94,32,100,5.66
276,Port Blair,IN,2021-03-25 12:43:21,11.6667,92.75,82.76,72,70,6.08
277,Punta Umbria,ES,2021-03-25 12:43:21,37.1821,-6.9661,66.0,68,7,1.01
278,Tura,IN,2021-03-25 12:40:09,25.5198,90.2201,77.04,18,0,2.55
279,Ahuimanu,US,2021-03-25 12:43:21,21.4447,-157.8378,75.2,78,75,6.78
280,Bosaso,SO,2021-03-25 12:41:04,11.2842,49.1816,83.98,47,5,11.43
281,Dunapataj,HU,2021-03-25 12:43:22,46.644,18.9963,55.0,34,0,6.91
282,Itarema,BR,2021-03-25 12:43:22,-2.9248,-39.9167,83.21,70,58,8.9
283,Jacareacanga,BR,2021-03-25 12:43:23,-6.2222,-57.7528,73.4,100,90,2.3
284,Monrovia,LR,2021-03-25 12:43:23,6.3005,-10.7969,87.8,66,75,5.75
285,Nsukka,NG,2021-03-25 12:43:24,6.8561,7.3927,83.41,55,92,7.16
286,Dunedin,NZ,2021-03-25 12:43:24,-45.8742,170.5036,57.99,91,47,5.99
287,Hambantota,LK,2021-03-25 12:43:24,6.1241,81.1185,80.6,83,75,2.3
288,Belyy Yar,RU,2021-03-25 12:43:25,53.6039,91.3903,33.8,55,95,4.47
289,Egvekinot,RU,2021-03-25 12:43:25,66.3167,-179.1667,-10.64,91,54,8.05
290,Tevriz,RU,2021-03-25 12:43:26,57.509,72.4042,26.89,89,62,4.32
291,Tukrah,LY,2021-03-25 12:43:26,32.5341,20.5791,57.24,63,66,21.05
292,Codrington,AU,2021-03-25 12:43:26,-38.2667,141.9667,54.23,90,16,6.96
293,Rancho Palos Verdes,US,2021-03-25 12:43:27,33.7445,-118.387,53.01,88,79,5.01
294,Mitu,CO,2021-03-25 12:43:27,1.1983,-70.1733,76.24,87,25,0.31
295,Petatlan,MX,2021-03-25 12:43:28,17.5167,-101.2667,67.6,69,6,3.78
296,Lodja,CD,2021-03-25 12:42:05,-3.4833,23.4333,76.57,80,99,7.85
297,Chuy,UY,2021-03-25 12:43:28,-33.6971,-53.4616,75.31,70,99,10.09
298,Jijiga,ET,2021-03-25 12:43:28,9.35,42.8,85.89,6,0,8.01
299,Dakar,SN,2021-03-25 12:42:46,14.6937,-17.4441,75.2,64,0,17.27
300,Morgan City,US,2021-03-25 12:43:29,29.6994,-91.2068,73.99,94,90,13.8
301,Sao Felix Do Xingu,BR,2021-03-25 12:43:29,-6.6447,-51.995,73.04,95,100,2.64
302,Immokalee,US,2021-03-25 12:43:30,26.4187,-81.4173,73.0,100,90,12.66
303,High Rock,BS,2021-03-25 12:43:30,26.6208,-78.2833,75.2,88,20,6.91
304,Enfield,AU,2021-03-25 12:43:30,-34.8526,138.6026,63.0,63,20,2.3
305,Abbeville,FR,2021-03-25 12:43:31,50.1,1.8333,54.0,74,10,11.03
306,Barranco,PA,2021-03-25 12:43:31,9.5167,-82.7,71.6,100,75,2.17
307,Meshchovsk,RU,2021-03-25 12:43:32,54.3244,35.2808,33.87,99,98,3.96
308,Celestun,MX,2021-03-25 12:43:32,20.8667,-90.4,77.13,78,0,18.34
309,Barentu,ER,2021-03-25 12:43:33,15.1139,37.5928,100.8,7,67,13.22
310,Necochea,AR,2021-03-25 12:43:33,-38.5473,-58.7368,61.0,96,100,3.0
311,Ler,SS,2021-03-25 12:43:34,8.3018,30.1418,107.2,15,20,2.93
312,Hami,CN,2021-03-25 12:43:34,42.8,93.45,56.84,28,0,7.36
313,Atyrau,KZ,2021-03-25 12:43:35,47.1167,51.8833,44.6,76,75,15.66
314,Lianran,CN,2021-03-25 12:40:06,24.9227,102.485,75.0,28,0,17.9
315,Novopavlovka,RU,2021-03-25 12:43:35,51.2172,109.2091,30.2,98,100,3.0
316,Puerto Escondido,MX,2021-03-25 12:43:36,15.85,-97.0667,69.8,94,1,8.05
317,Avarua,CK,2021-03-25 12:43:36,-21.2078,-159.775,80.6,83,20,6.91
318,Olafsvik,IS,2021-03-25 12:43:37,64.8945,-23.7142,28.72,74,90,31.76
319,Koping,SE,2021-03-25 12:41:50,59.514,15.9926,51.01,53,40,11.5
320,Djambala,CG,2021-03-25 12:43:37,-2.5447,14.7533,73.94,72,100,4.05
321,Sturgis,US,2021-03-25 12:43:37,41.7992,-85.4192,46.4,93,90,3.44
322,Zlynka,RU,2021-03-25 12:43:38,52.4267,31.7378,46.4,27,0,2.24
323,Gizo,SB,2021-03-25 12:43:38,-8.103,156.8419,82.69,74,19,6.17
324,Ilulissat,GL,2021-03-25 12:43:39,69.2167,-51.1,-7.6,71,75,4.61
325,Camocim,BR,2021-03-25 12:43:39,-2.9022,-40.8411,80.91,79,81,7.29
326,Grand Gaube,MU,2021-03-25 12:43:39,-20.0064,57.6608,84.0,76,83,4.0
327,Agirish,RU,2021-03-25 12:43:40,61.9247,63.0231,32.25,95,100,12.95
328,San Quintin,MX,2021-03-25 12:43:41,30.4833,-115.95,51.84,87,5,3.67
329,Vardo,NO,2021-03-25 12:43:41,70.3705,31.1107,37.4,75,75,13.8
330,Gushikawa,JP,2021-03-25 12:43:42,26.3544,127.8686,69.8,88,75,10.36
331,Nantucket,US,2021-03-25 12:40:38,41.2835,-70.0995,51.8,100,75,9.22
332,Katsuura,JP,2021-03-25 12:43:42,35.1333,140.3,57.0,94,75,3.44
333,Alofi,NU,2021-03-25 12:43:42,-19.0595,-169.9187,75.2,94,100,3.44
334,Gorontalo,ID,2021-03-25 12:43:43,0.5412,123.0595,76.59,95,100,3.27
335,Somcuta Mare,RO,2021-03-25 12:43:43,47.5167,23.4667,50.0,29,0,12.66
336,Havelock,US,2021-03-25 12:43:44,34.8791,-76.9013,63.0,95,42,3.4
337,Paros,GR,2021-03-25 12:43:45,37.0833,25.15,48.2,61,55,17.27
338,Winnemucca,US,2021-03-25 12:43:46,40.973,-117.7357,33.8,86,90,3.44
339,Nhulunbuy,AU,2021-03-25 12:43:46,-12.2333,136.7667,78.8,94,99,2.73
340,Tarboro,US,2021-03-25 12:43:47,35.8968,-77.5358,62.6,100,90,6.69
341,Garowe,SO,2021-03-25 12:43:47,8.4054,48.4845,91.99,11,0,11.99
342,Bam,IR,2021-03-25 12:43:48,29.106,58.357,90.81,10,25,13.65
343,Jardim,BR,2021-03-25 12:43:48,-21.4803,-56.1381,84.87,49,7,5.84
344,Kamaishi,JP,2021-03-25 12:43:48,39.2667,141.8833,47.59,84,100,6.33
345,Marfino,RU,2021-03-25 12:43:49,55.7028,37.3822,48.2,43,0,11.18
346,Presidente Dutra,BR,2021-03-25 12:43:49,-5.29,-44.49,80.37,78,81,2.04
347,Cape Coast,GH,2021-03-25 12:43:50,5.1053,-1.2466,84.45,67,96,11.63
348,Kidal,ML,2021-03-25 12:43:50,18.4411,1.4078,90.82,3,1,10.2
349,Cassilandia,BR,2021-03-25 12:43:51,-19.1133,-51.7342,83.53,51,79,2.59
350,Port-Gentil,GA,2021-03-25 12:43:51,-0.7193,8.7815,84.2,74,40,14.97
351,Kemijarvi,FI,2021-03-25 12:43:51,66.7131,27.4306,38.26,68,8,10.98
352,Yeppoon,AU,2021-03-25 12:43:52,-23.1333,150.7333,75.2,73,0,3.44
353,Portland,US,2021-03-25 12:40:09,45.5234,-122.6762,44.01,87,100,1.99
354,Maltahohe,NA,2021-03-25 12:43:52,-24.8333,16.9833,84.87,21,2,7.78
355,Amazar,RU,2021-03-25 12:43:53,53.858,120.875,17.44,94,100,3.44
356,Alibag,IN,2021-03-25 12:43:53,18.6411,72.8792,98.6,10,0,8.05
357,Torbay,CA,2021-03-25 12:43:13,47.6666,-52.7314,39.0,87,75,5.75
358,Lebu,CL,2021-03-25 12:40:31,-37.6167,-73.65,54.45,64,0,17.02
359,Mackay,AU,2021-03-25 12:40:58,-21.15,149.2,77.0,88,75,5.75
360,Saint Anthony,US,2021-03-25 12:43:54,45.0205,-93.218,34.0,93,1,4.79
361,Leninskoye,KZ,2021-03-25 12:43:54,41.7589,69.3864,71.6,40,75,6.91
362,Padang,ID,2021-03-25 12:43:54,-0.9492,100.3543,82.4,83,75,5.75
363,Kretinga,LT,2021-03-25 12:43:55,55.8758,21.2508,41.0,87,75,6.91
364,Labuhan,ID,2021-03-25 12:43:55,-6.8844,112.2051,80.56,80,100,3.96
365,Nicoya,CR,2021-03-25 12:43:55,10.1483,-85.452,68.0,88,0,4.61
366,Chokurdakh,RU,2021-03-25 12:43:56,70.6333,147.9167,-28.59,100,79,5.66
367,Kisanga,TZ,2021-03-25 12:43:56,-7.4362,37.7034,87.93,62,83,3.69
368,Fort Saint James,CA,2021-03-25 12:43:57,54.4333,-124.25,25.14,98,29,3.02
369,Shenzhen,CN,2021-03-25 12:41:27,22.5455,114.0683,71.01,82,0,1.99
370,Grandview,US,2021-03-25 12:43:57,38.8858,-94.533,43.0,87,90,5.75
371,Nara,JP,2021-03-25 12:43:58,34.6851,135.8049,55.0,83,0,2.37
372,Vuktyl,RU,2021-03-25 12:43:59,63.8567,57.3094,34.52,89,100,9.93
373,Port Augusta,AU,2021-03-25 12:43:59,-32.5,137.7667,64.4,68,100,6.91
374,Daitari,IN,2021-03-25 12:44:00,21.1,85.75,87.82,18,30,10.13
375,Ilhabela,BR,2021-03-25 12:39:23,-23.7781,-45.3581,82.71,68,16,2.95
376,Te Anau,NZ,2021-03-25 12:44:00,-45.4167,167.7167,50.25,91,100,2.01
377,Khvorostyanka,RU,2021-03-25 12:44:00,52.6096,48.9597,32.52,93,30,11.95
378,Provideniya,RU,2021-03-25 12:44:01,64.3833,-173.3,4.57,97,100,3.15
379,Etchoropo,MX,2021-03-25 12:44:01,26.7667,-109.6667,54.25,63,69,6.8
380,Borovskoy,KZ,2021-03-25 12:44:02,53.8,64.15,23.31,94,6,5.17
381,Odweyne,SO,2021-03-25 12:44:02,9.4092,45.064,90.12,7,0,6.98
382,Berlevag,NO,2021-03-25 12:44:02,70.8578,29.0864,33.8,93,90,12.66
383,Pandan,PH,2021-03-25 12:44:03,14.0453,124.1694,78.42,87,12,11.79
384,La Asuncion,VE,2021-03-25 12:44:03,11.0333,-63.8628,78.28,76,10,15.43
385,Virginia Beach,US,2021-03-25 12:40:32,36.8529,-75.978,61.0,88,40,5.75
386,Nabire,ID,2021-03-25 12:44:04,-3.3667,135.4833,76.39,95,100,2.33
387,Buala,SB,2021-03-25 12:44:04,-8.145,159.5921,80.13,82,66,4.85
388,Durusu,TR,2021-03-25 12:44:04,41.3053,28.6767,43.0,52,75,11.5
389,Tabou,CI,2021-03-25 12:44:05,4.423,-7.3528,83.26,71,100,5.7
390,Leningradskiy,RU,2021-03-25 12:44:05,69.3833,178.4167,-9.44,96,100,6.06
391,Alcazar De San Juan,ES,2021-03-25 12:44:06,39.3901,-3.2083,68.0,34,0,6.91
392,Buraydah,SA,2021-03-25 12:44:06,26.326,43.975,89.6,29,0,8.05
393,Shimoda,JP,2021-03-25 12:44:06,34.6667,138.95,48.0,87,100,1.01
394,Natal,BR,2021-03-25 12:44:04,-5.795,-35.2094,77.0,94,75,11.5
395,Gasa,PS,2021-03-25 12:44:07,31.5,34.4667,62.01,52,13,3.0
396,Medicine Hat,CA,2021-03-25 12:39:35,50.0501,-110.6683,32.0,100,90,19.57
397,Yuncheng,CN,2021-03-25 12:44:07,35.0231,110.9928,64.92,44,98,14.29
398,Anthili,GR,2021-03-25 12:44:07,38.85,22.4667,52.0,17,93,7.0
399,Taldan,RU,2021-03-25 12:44:08,53.6667,124.8,10.63,96,22,1.43
400,Imbituba,BR,2021-03-25 12:44:08,-28.24,-48.6703,73.4,94,75,4.61
401,Piltene,LV,2021-03-25 12:44:08,57.2243,21.6744,42.8,93,90,13.8
402,Broken Hill,AU,2021-03-25 12:44:09,-31.95,141.4333,62.6,51,77,3.89
403,Ames,US,2021-03-25 12:43:39,42.0347,-93.6199,39.99,87,90,4.61
404,Tateyama,JP,2021-03-25 12:44:09,34.9833,139.8667,59.0,1,98,4.68
405,Belaya Gora,RU,2021-03-25 12:44:10,68.5333,146.4167,-22.14,100,90,2.82
406,Atambua,ID,2021-03-25 12:44:10,-9.1061,124.8925,75.25,90,100,2.19
407,Conceicao Do Mato Dentro,BR,2021-03-25 12:44:11,-19.0372,-43.425,77.67,65,86,2.95
408,Ejura,GH,2021-03-25 12:44:11,7.3856,-1.3562,94.78,37,67,4.12
409,Ouesso,CG,2021-03-25 12:44:11,1.6136,16.0517,77.45,73,100,5.93
410,Pasighat,IN,2021-03-25 12:44:12,28.0667,95.3333,78.58,27,6,5.93
411,Sanchor,IN,2021-03-25 12:44:12,24.7553,71.7722,92.61,8,0,8.84
412,Savelugu,GH,2021-03-25 12:44:12,9.6244,-0.8253,100.94,24,5,1.74
413,Yhu,PY,2021-03-25 12:44:13,-25.05,-55.9167,82.94,59,12,6.62
414,Maniitsoq,GL,2021-03-25 12:44:13,65.4167,-52.9,2.26,82,100,12.75
415,Borba,BR,2021-03-25 12:44:13,-4.3878,-59.5939,76.57,90,100,3.53
416,Taltal,CL,2021-03-25 12:44:14,-25.4,-70.4833,68.09,70,5,4.45
417,Havre-Saint-Pierre,CA,2021-03-25 12:44:14,50.2334,-63.5986,32.0,86,90,11.5
418,Formosa,AR,2021-03-25 12:44:15,-26.1775,-58.1781,80.6,74,0,9.22
419,Saint-Michel-Des-Saints,CA,2021-03-25 12:41:05,46.6834,-73.9159,44.01,94,100,10.29
420,Gamba,GA,2021-03-25 12:44:15,-2.65,10.0,81.19,73,100,8.95
421,Severo-Yeniseyskiy,RU,2021-03-25 12:44:15,60.3725,93.0408,20.91,92,100,7.92
422,Dunmore Town,BS,2021-03-25 12:44:16,25.5,-76.65,76.69,76,0,15.37
423,Geraldton,AU,2021-03-25 12:44:16,-28.7667,114.6,69.8,68,0,20.71
424,Le Port,RE,2021-03-25 12:40:25,-20.9373,55.2919,77.0,88,90,12.66
425,Nenjiang,CN,2021-03-25 12:44:17,49.1833,125.2167,32.85,89,10,3.98
426,Husavik,IS,2021-03-25 12:44:17,66.0449,-17.3389,30.2,80,20,20.71
427,Ambulu,ID,2021-03-25 12:44:17,-8.345,113.6058,78.46,86,100,1.92
428,Matadi,CD,2021-03-25 12:44:18,-5.8167,13.45,80.58,77,100,3.42
429,Bucovice,CZ,2021-03-25 12:44:18,49.149,17.0019,55.99,58,98,2.64
430,Bras-Panon,RE,2021-03-25 12:44:19,-20.9967,55.6782,77.0,83,90,11.5
431,Kenora,CA,2021-03-25 12:43:16,49.8167,-94.4337,24.8,74,75,12.66
432,Kirkwall,GB,2021-03-25 12:44:19,58.9848,-2.9587,46.4,76,40,24.16
433,Tecolutla,MX,2021-03-25 12:44:20,20.4833,-97.0167,72.41,83,92,1.3
434,Turayf,SA,2021-03-25 12:40:16,31.6725,38.6637,62.6,42,40,13.8
435,Karema,TZ,2021-03-25 12:44:20,-6.8205,30.4389,78.21,74,50,4.94
436,Arlit,NE,2021-03-25 12:44:20,18.7369,7.3853,92.5,4,0,3.49
437,Kayes,ML,2021-03-25 12:44:22,14.0,-11.0,103.96,7,1,13.15
438,Igarka,RU,2021-03-25 12:44:23,67.4667,86.5833,14.56,93,100,6.87
439,Huanren,CN,2021-03-25 12:44:23,41.2647,125.3667,46.38,54,0,2.55
440,Dhidhdhoo,MV,2021-03-25 12:44:23,6.8833,73.1,84.4,69,25,10.13
441,Moskovskiy,RU,2021-03-25 12:44:24,55.5991,37.355,48.2,43,0,11.18
442,Vagur,FO,2021-03-25 12:44:24,61.4732,-6.8119,43.56,88,100,23.4
443,Mabaruma,GY,2021-03-25 12:44:25,8.2,-59.7833,77.0,88,40,6.91
444,Bangkalan,ID,2021-03-25 12:44:25,-7.0455,112.7351,80.6,89,20,5.75
445,Tahe,CN,2021-03-25 12:44:47,52.3333,124.7333,19.67,97,10,0.96
446,Ihosy,MG,2021-03-25 12:44:47,-22.4,46.1167,77.54,67,63,0.89
447,San Isidro,PE,2021-03-25 12:44:48,-12.1167,-77.05,73.0,88,0,5.75
448,Ixtapa,MX,2021-03-25 12:44:48,20.7,-105.2,60.01,87,1,3.44
449,Kalmar,SE,2021-03-25 12:44:49,56.6616,16.3616,53.6,43,0,12.66
450,Quelimane,MZ,2021-03-25 12:44:49,-17.8786,36.8883,80.6,78,75,9.24
451,Alihe,CN,2021-03-25 12:44:50,50.5667,123.7167,25.41,93,9,0.45
452,Kiama,AU,2021-03-25 12:44:50,-34.6833,150.8667,66.99,87,0,5.01
453,Bereznehuvate,UA,2021-03-25 12:44:51,47.3078,32.8499,35.2,99,100,9.53
454,Japura,ID,2021-03-25 12:44:51,-0.3167,102.35,75.02,97,100,1.97
455,Voh,NC,2021-03-25 12:44:51,-20.9667,164.7,74.71,84,87,5.95
456,Hirara,JP,2021-03-25 12:44:52,24.8,125.2833,69.84,71,3,17.02
457,Beidao,CN,2021-03-25 12:44:52,34.5686,105.8933,52.86,72,100,0.36
458,Naze,JP,2021-03-25 12:44:53,28.3667,129.4833,63.37,73,23,12.1
459,Sinnamary,GF,2021-03-25 12:44:53,5.3833,-52.95,79.29,81,40,10.16
460,Bendigo,AU,2021-03-25 12:44:54,-36.7667,144.2833,55.99,52,0,3.98
461,Maceio,BR,2021-03-25 12:44:54,-9.6658,-35.7353,75.2,94,90,9.22
462,Sitrah,BH,2021-03-25 12:44:54,26.1547,50.6206,80.6,69,0,16.11
463,Bethlehem,BR,2021-03-25 12:41:25,-1.4558,-48.5044,77.0,88,40,3.44
464,Sungaipenuh,ID,2021-03-25 12:44:55,-2.0833,101.3833,67.26,97,100,1.12
465,Belmonte,BR,2021-03-25 12:44:55,-15.8631,-38.8828,77.0,78,75,8.05
466,Flinders,AU,2021-03-25 12:44:56,-34.5833,150.8552,66.99,87,0,5.01
467,Farmington,US,2021-03-25 12:44:59,36.7281,-108.2187,28.4,93,75,5.75
468,Dingle,PH,2021-03-25 12:45:17,10.9995,122.6711,77.32,87,48,7.02
469,Pavino,RU,2021-03-25 12:45:17,59.1139,46.1414,33.6,99,100,7.36
470,Nemuro,JP,2021-03-25 12:45:18,43.3236,145.575,37.62,99,100,3.27
471,Along,IN,2021-03-25 12:45:18,28.1667,94.7667,76.3,34,77,4.54
472,Saint-Joseph,RE,2021-03-25 12:45:19,-21.3667,55.6167,78.8,89,75,8.05
473,Gat,IL,2021-03-25 12:44:01,31.61,34.7642,62.01,52,46,1.99
474,Camabatela,AO,2021-03-25 12:45:19,-8.1881,15.375,66.24,96,100,3.6
475,Kendari,ID,2021-03-25 12:45:19,-3.945,122.4989,77.5,88,100,1.63
476,Komsomolskiy,UZ,2021-03-25 12:45:20,40.4272,71.7189,68.0,24,100,2.3
477,Lagoa,PT,2021-03-25 12:45:20,39.05,-27.9833,57.81,63,2,12.48
478,Kitgum,UG,2021-03-25 12:45:20,3.2783,32.8867,99.59,11,98,8.68
479,Port Hardy,CA,2021-03-25 12:45:21,50.6996,-127.4199,42.8,81,75,10.36
480,Kamareddi,IN,2021-03-25 12:45:21,18.3167,78.35,92.44,17,98,5.93
481,Pisco,PE,2021-03-25 12:44:56,-13.7,-76.2167,66.2,82,0,5.75
482,Pitimbu,BR,2021-03-25 12:45:22,-7.4706,-34.8086,82.4,83,75,9.22
483,Saint-Pierre,RE,2021-03-25 12:45:22,-21.3393,55.4781,78.8,89,75,8.05
484,Anadyr,RU,2021-03-25 12:45:22,64.75,177.4833,1.4,78,75,4.47
485,Yerbogachen,RU,2021-03-25 12:45:23,61.2767,108.0108,28.36,95,98,9.08
486,Pacific Grove,US,2021-03-25 12:45:23,36.6177,-121.9166,51.8,87,90,8.05
487,Tomatlan,MX,2021-03-25 12:45:24,19.9333,-105.25,58.51,42,100,3.0
488,Livingstone,ZM,2021-03-25 12:45:25,-17.8419,25.8543,78.15,59,100,4.74
489,Sorland,NO,2021-03-25 12:45:25,67.667,12.6934,41.0,65,20,10.36
490,Manicore,BR,2021-03-25 12:45:26,-5.8092,-61.3003,77.61,88,100,2.84
491,Bilibino,RU,2021-03-25 12:45:26,68.0546,166.4372,-20.47,91,98,6.15
492,Gannavaram,IN,2021-03-25 12:45:27,16.5333,80.8,93.2,49,40,4.61
493,Kirovskiy,RU,2021-03-25 12:45:27,45.0917,133.5136,30.22,97,100,2.04
494,Brae,GB,2021-03-25 12:45:27,60.3964,-1.353,46.4,76,20,19.57
495,Goderich,CA,2021-03-25 12:43:07,43.7501,-81.7165,44.6,81,100,6.91
496,Sergach,RU,2021-03-25 12:45:28,55.5308,45.4661,31.46,99,100,4.94
497,Bonfim,BR,2021-03-25 12:45:36,3.0833,-59.95,79.34,69,97,6.33
498,Ostersund,SE,2021-03-25 12:45:37,63.1792,14.6357,43.0,45,63,8.05
499,Kabalo,CD,2021-03-25 12:45:37,-6.05,26.9167,84.07,64,100,3.62
500,Talnakh,RU,2021-03-25 12:45:39,69.4865,88.3972,18.01,94,100,4.92
501,Inhambane,MZ,2021-03-25 12:45:39,-23.865,35.3833,84.2,54,75,9.22
502,Sivas,TR,2021-03-25 12:44:40,39.7916,37.0019,23.0,86,90,6.91
503,Plerin,FR,2021-03-25 12:45:40,48.5425,-2.7798,57.2,58,75,11.5
504,Riviere-Au-Renard,CA,2021-03-25 12:45:40,48.9957,-64.3971,33.8,93,90,12.35
505,Banda Aceh,ID,2021-03-25 12:45:41,5.5577,95.3222,80.94,80,99,4.29
506,Balaipungut,ID,2021-03-25 12:45:41,1.05,101.2833,77.0,88,40,2.28
507,Tessalit,ML,2021-03-25 12:45:42,20.1986,1.0114,85.82,5,0,15.08
508,Charters Towers,AU,2021-03-25 12:45:42,-20.1,146.2667,76.3,63,26,7.02
509,Petropavlovsk-Kamchatskiy,RU,2021-03-25 12:45:42,53.0452,158.6483,19.4,79,20,15.66
510,Northam,GB,2021-03-25 12:45:43,51.0333,-4.2167,53.01,84,3,11.99
511,Qasigiannguit,GL,2021-03-25 12:45:43,68.8193,-51.1922,-7.6,71,75,4.61
512,San Jose,US,2021-03-25 12:43:15,37.3394,-121.895,51.01,76,90,4.61
513,Forbes,AU,2021-03-25 12:45:44,-33.3833,148.0167,60.01,91,0,6.26
514,Yantongshan,CN,2021-03-25 12:45:44,43.2919,126.0094,43.61,52,0,5.12
515,Samarai,PG,2021-03-25 12:45:46,-10.6167,150.6667,82.54,76,92,7.4
516,Sondershausen,DE,2021-03-25 12:45:46,51.3667,10.8667,60.01,44,20,4.61
517,Grajau,BR,2021-03-25 12:45:46,-5.8194,-46.1386,76.48,88,100,5.82
518,Acapulco,MX,2021-03-25 12:43:51,16.8634,-99.8901,71.47,82,0,4.03
519,Tiznit,MA,2021-03-25 12:45:47,29.5833,-9.5,79.16,9,6,9.53
520,Moyo,UG,2021-03-25 12:45:47,3.6609,31.7247,98.22,15,98,5.66
521,Rosita,NI,2021-03-25 12:45:48,13.9268,-84.4032,72.57,83,63,1.01
522,Hovd,MN,2021-03-25 12:45:48,48.0056,91.6419,36.43,23,100,1.7
523,Touba,CI,2021-03-25 12:42:45,8.2833,-7.6833,95.85,29,40,4.61
524,Aleksandrovsk-Sakhalinskiy,RU,2021-03-25 12:45:49,50.8975,142.1561,18.25,81,84,5.17
525,Nandura,IN,2021-03-25 12:45:49,20.8333,76.45,95.05,11,0,4.12
526,Teluk Nibung,ID,2021-03-25 12:45:50,3.001,99.8164,77.47,87,100,4.47
527,Nome,US,2021-03-25 12:45:50,64.5011,-165.4064,12.2,85,90,4.03
528,Nizhnyaya Omka,RU,2021-03-25 12:45:50,55.4338,74.9426,26.46,94,86,8.14
529,Nuevitas,CU,2021-03-25 12:44:16,21.5453,-77.2644,71.6,94,0,6.91
530,Boca Do Acre,BR,2021-03-25 12:45:51,-8.7522,-67.3978,78.58,77,81,3.0
531,Mocuba,MZ,2021-03-25 12:45:51,-16.8392,36.9856,77.54,91,73,6.29
532,Abtenau,AT,2021-03-25 12:45:52,47.5637,13.346,59.0,41,0,3.44
533,Redlands,US,2021-03-25 12:42:05,34.0556,-117.1825,51.8,50,1,5.14
534,Cocal,BR,2021-03-25 12:45:52,-28.6167,-49.35,73.0,76,94,3.87
535,Itacoatiara,BR,2021-03-25 12:45:45,-3.1431,-58.4442,73.9,94,100,4.16
536,Mandalgovi,MN,2021-03-25 12:45:53,45.7625,106.2708,41.94,21,97,18.45
537,Iquique,CL,2021-03-25 12:45:53,-20.2208,-70.1431,68.0,56,0,3.78
538,Saint Andrews,US,2021-03-25 12:45:53,34.0454,-81.1293,60.8,88,90,3.44
539,Allanridge,ZA,2021-03-25 12:45:17,-27.7543,26.6438,71.01,69,100,1.99
540,Ohara,JP,2021-03-25 12:45:54,35.25,140.3833,57.0,100,75,3.44
541,Namangan,UZ,2021-03-25 12:45:54,40.9983,71.6726,68.0,37,85,4.61
542,Bah,IN,2021-03-25 12:45:55,26.87,78.5975,83.79,11,0,8.03
543,Seoul,KR,2021-03-25 12:41:58,37.5683,126.9778,51.8,93,40,5.75
544,Muhos,FI,2021-03-25 12:45:55,64.808,25.9931,41.0,60,0,11.5
545,Salalah,OM,2021-03-25 12:41:07,17.0151,54.0924,84.2,58,20,9.22
546,Pochutla,MX,2021-03-25 12:45:55,15.7432,-96.4661,69.8,94,1,8.05
547,Narrabri,AU,2021-03-25 12:45:56,-30.3167,149.7833,59.0,88,50,3.71
548,Pallasovka,RU,2021-03-25 12:45:56,50.05,46.8833,38.12,74,100,23.09
549,Vanimo,PG,2021-03-25 12:45:57,-2.6741,141.3028,79.02,86,100,2.84
550,Port Hueneme,US,2021-03-25 12:45:57,34.1478,-119.1951,50.0,87,75,3.44
551,Ingham,US,2021-03-25 12:45:57,42.6,-84.3833,46.0,81,1,7.81
552,Half Moon Bay,US,2021-03-25 12:45:58,37.4636,-122.4286,51.01,93,90,19.57
553,Leshukonskoye,RU,2021-03-25 12:45:58,64.8989,45.7622,36.73,79,100,13.6
554,Bar Harbor,US,2021-03-25 12:45:59,44.3876,-68.2039,46.99,100,90,6.71
555,Kanniyakumari,IN,2021-03-25 12:44:56,8.0833,77.5667,84.65,70,82,15.03
